{
  "extends": ["tslint-react"],
  "rules": {
    "align": [false],
    "array-type": [true, "array"],
    "arrow-return-shorthand": [true, "multiline"],
    "ban": false,
    "class-name": true,
    "comment-format": [true, "check-space"],
    "curly": true,
    "forin": true,
    "import-spacing": false,
    "indent": [true, "spaces"],
    "interface-name": [true, "never-prefix"],
    "jsdoc-format": true,
    "jsx-no-lambda": false,
    "jsx-no-multiline-js": false,
    "jsx-wrap-multiline": false,
    "label-position": true,
    "max-line-length": [true, 120],
    "member-ordering": [
      true,
      {
        "order": "instance-sandwich"
      }
    ],
    "new-parens": true,
    "no-angle-bracket-type-assertion": true,
    "no-arg": true,
    "no-bitwise": true,
    "no-conditional-assignment": true,
    "no-console": [true, "log", "error", "debug", "info", "time", "timeEnd", "trace"],
    "no-consecutive-blank-lines": [true],
    "no-construct": true,
    "no-debugger": true,
    "no-duplicate-super": true,
    "no-duplicate-variable": true,
    "no-empty": true,
    "no-eval": true,
    "no-inferrable-types": [true, "ignore-params"],
    "no-invalid-template-strings": true,
    "no-invalid-this": [true, "check-function-in-method"],
    "no-irregular-whitespace": true,
    "no-misused-new": true,
    "no-null-keyword": true,
    "no-shadowed-variable": true,
    "no-string-literal": true,
    "no-switch-case-fall-through": true,
    "no-unnecessary-callback-wrapper": true,
    "no-unused-expression": true,
    "no-var-keyword": true,
    "number-literal-format": true,
    "eofline": true,
    "object-literal-key-quotes": [true, "as-needed"],
    "object-literal-shorthand": true,
    "one-line": [true, "check-catch", "check-else", "check-open-brace", "check-whitespace"],
    "one-variable-per-declaration": [true, "ignore-for-loop"],
    "ordered-imports": [
      true,
      {
        "import-sources-order": "lowercase-last",
        "named-imports-order": "lowercase-first"
      }
    ],
    "prefer-const": true,
    "prefer-for-of": true,
    "prefer-function-over-method": false,
    "prefer-switch": [true, { "min-cases": 2 }],
    "quotemark": [true, "single", "jsx-double"],
    "radix": true,
    "semicolon": [true, "never"],
    "space-before-function-paren": [true, "never"],
    "switch-default": true,
    "trailing-comma": [true, { "multiline": "ignore", "singleline": "never" }],
    "triple-equals": [true, "allow-null-check"],
    "typedef": [true, "parameter", "property-declaration"],
    "typedef-whitespace": [
      true,
      {
        "call-signature": "nospace",
        "index-signature": "nospace",
        "parameter": "nospace",
        "property-declaration": "nospace",
        "variable-declaration": "nospace"
      }
    ],
    "variable-name": [
      true,
      "ban-keywords",
      "check-format",
      "allow-leading-underscore",
      "allow-pascal-case"
    ]
  }
}
